{"cameraMode":{"drawMode":0,"name":"Shaded","section":"Shading Mode"},"sceneLighting":false,"audioPlay":false,"sceneViewState":{"m_AlwaysRefresh":false,"showFog":true,"showSkybox":false,"showFlares":true,"showImageEffects":true,"showParticleSystems":true,"showVisualEffectGraphs":true,"m_FxEnabled":true},"in2DMode":false,"pivot":{"x":-0.06851649284362793,"y":1.531376838684082,"z":-0.12991714477539063},"rotation":{"x":0.02904294617474079,"y":-0.47318798303604128,"z":0.015611806884407997,"w":0.880348801612854},"size":1.6284455060958863,"orthographic":false}